{
  "Username": "mbt_user",
  "Password": "mbt_user",
  "ConnString": "//10.1.3.62:1521/oradb",
  "UsernameNew": "mbt_new",
  "PasswordNew": "mbt_new",
  "ConnStringNew": "//10.0.2.18:1521/oradb",
  "TruncateTable": true,
  "RunPlanFlag": false,
  "ImportBusinessLineFlag": true,
  "DeleteSqlFlag": false,
  "IsExportJob": false,
  "SyncTableList": {
    "GP_BM_SYS_STAT": {
      "Type": "tableName",
      "DATA_VERSION": "0"
    },
    "GP_BM_BRANCH": {
      "Type": "tableName",
      "DATA_VERSION": "0"
    },
    "GP_BM_ROLE_INFO": {
      "Type": "tableName",
      "ROLE_TYPE": "1",
      "DATA_VERSION": "0"
    },
    "GP_BM_TLR_INFO": {
      "Type": "tableName",
      "DATA_VERSION": "0"
    },
    "GP_BM_ROLE_ORG_REL": {
      "Type": "tableName",
      "DATA_VERSION": "0"
    },
    "GP_BM_SYS_PARAM": {
      "Type": "tableName",
      "GROUP_ID": "MBT_OLD",
      "DATA_VERSION": "0"
    },
    "GFDR_BM_RPT_ORG": {
      "Type": "tableName",
      "DATA_VERSION": "0"
    },
    "GP_BM_TLR_ORG_REL": {
      "Type": "sql",
      "sql": "select sys_guid()          as DATA_ID,\n       gbti.TLRNO          as TLRNO,\n       gbror.CHG_ORG_ID    as BRNO,\n       gbti.CHECK_FLAG     as CHECK_FLAG,\n       gbti.CHECK_DESC     as CHECK_DESC,\n       gbti.CHECK_ERR_TYPE as CHECK_ERR_TYPE,\n       gbti.NEXT_ACTION    as NEXT_ACTION,\n       gbti.DATA_STATUS    as DATA_STATUS,\n       gbti.DATA_FLAG      as DATA_FLAG,\n       gbti.DATA_SOURCE    as DATA_SOURCE,\n       gbti.DATA_VERSION   as DATA_VERSION,\n       gbti.DATA_REJ_DESC  as DATA_REJ_DESC,\n       gbti.DATA_DEL_DESC  as DATA_DEL_DESC,\n       gbti.DATA_CRT_USER  as DATA_CRT_USER,\n       gbti.DATA_CRT_DATE  as DATA_CRT_DATE,\n       gbti.DATA_CRT_TIME  as DATA_CRT_TIME,\n       gbti.DATA_CHG_USER  as DATA_CHG_USER,\n       gbti.DATA_CHG_DATE  as DATA_CHG_DATE,\n       gbti.DATA_CHG_TIME  as DATA_CHG_TIME,\n       gbti.DATA_APV_USER  as DATA_APV_USER,\n       gbti.DATA_APV_DATE  as DATA_APV_DATE,\n       gbti.DATA_APV_TIME  as DATA_APV_TIME\nfrom GP_BM_TLR_INFO gbti\n         inner join GP_BM_TLR_ROLE_REL gbtrr on gbti.TLRNO = gbtrr.TLRNO\n         inner join GP_BM_ROLE_ORG_REL gbror on gbtrr.ROLE_ID = gbror.ROLE_ID\n         inner join GP_BM_ROLE_INFO gbri on gbtrr.ROLE_ID = gbri.ROLE_ID"
    },
    "GP_BM_KETTLE_DATA_TYPE": {
      "Type": "tableName",
      "DATA_VERSION": "0"
    },
    "GP_BM_KETTLE_DB_CFG": {
      "Type": "tableName",
      "DATA_VERSION": "0"
    }
  }
}



