<?xml version="1.0" encoding="UTF-8"?>

<!--  用于直接生成SQL语句，支持同步和异步提交 -->
<!--  title:标题
	navigate:导航信息
	type:方式（sql|call)
	interface:是否显示输入条件页面(true|false)
	databusid:数据总线编号
	transdataactionurl:数据整理URL
	txnlogflag:true记录日志
	async:异步提交标志
	pagesize:页面显示记录数(缺省为10)
-->
<CommQry title="数据采集管理  &gt;  手工导入管理&gt;  数据导入" navigate="数据采集管理    &gt; 手工导入管理&gt;  数据导入" type="call"
	interface="false"  async="true" databusid=""
	transdataactionurl="/trans/TransDataAction.do"
	txnlogflag="true"
	getterclassname="com.gingkoo.gpms.importer.action.DataImportQueryAction">
	<Include id="BankParam" />

	<Fields>
		<!-- status :F-基本信息中显示  N-不显示 D-详细信息中显示 A-基本、详细信息中都显示  -->
		<!-- primary : true-作为表单项记录上传　false-不作为表单项上传 -->
		<Field id="guid" desc="主键Id" edittype="text" size="32" visible="false" datatype="string" xpath="/guid" />
		<Field id="workDate" desc="工作日期" edittype="text" size="10" datatype="string" xpath="/workDate" />
		<Field id="departId" desc="机构代码" edittype="text" datatype="string" size="32" xpath="/departId" />
		<Field id="fileName" desc="文件名称" edittype="text" size="128" datatype="string" xpath="/fileName" />
		<Field id="importStatus" desc="导入结果" size="2" translated="DATA_DIC.104036" edittype="select" datatype="string" xpath="importStatus" />
		<Field id="filler1" desc="文件处理结果" size="60"  edittype="text" datatype="string" xpath="/filler1" />		
		<Field id="fileStatus" desc="文件是否存在" size="2" translated="DATA_DIC.104029" edittype="select" datatype="string" xpath="/fileStatus" />
		<Field id="realFileName" desc="导入文件名称" size="200" edittype="string" datatype="string" xpath="/realFileName" />
		<Field id="filenameFormat" desc="文件名称处理" size="200" edittype="text" datatype="string" xpath="/filenameFormat" />
		<Field id="reImportFlag" desc="重新导入" edittype="checkbox" datatype="boolean" xpath="" />
		<Field id="keyFlag" desc="更新方式" size="6" edittype="text" datatype="string" xpath="/keyFlag" visible="false"/>
		<Field id="importType" desc="导入类型" size="6" edittype="text" datatype="string" xpath="/importType" visible="false"/>
		<Field id="checkTable" desc="校验表" size="6" edittype="text" datatype="string" xpath="/checkTable" visible="false"/>
   		<Field id="jobType" desc="任务类型" size="6" edittype="text" datatype="string" xpath="/jobType" visible="false"/>
		<Field id="args" desc="参数方法" size="6" edittype="text" datatype="string" xpath="/args" visible="false"/>
		<Field id="funcid" desc="菜单编号" status="F" require="false" edittype="text" datatype="string" primary="true" readonly="false" type="FUNCID" size="32" xpath="/FUNCID"  multiple="false"/>
  		<Field id="storeName" desc="保存文件名" status="F" require="false" edittype="string" datatype="string" primary="true" readonly="false" type="STORENAME" size="256" xpath="/storeName" multiple="false" />
    </Fields>
    <Where>
        <DateTextBox id="beginDate" desc="起止日期" tip="开始日期"
			require="false" status="F" datatype="date" method="None" size="150"
			width="" primary="false" index="0" type="String" visible ="false" readonly="true"/>
		<DateTextBox id="endDate" desc="截止日期" tip="结束日期" require="false"
			status="F" datatype="date" method="None" size="150" width="" primary="false"
			index="1" type="String" visible ="false" readonly="true"/>
    	<Option id="departId" desc ="机构代码" edittype="select" translated="CQ:AllBranchSelect2" 
		        fieldmap="departId=brno;departIdName=brcodeTypeName" 
		        viewField="brcodeTypeName" datatype="string" size="60" index="2" require="true" />
		<TextBox id="filePath" desc="导入文件路径" status="F" datatype="string" size="38" index="3" require="true" readonly="true"/>
		<TextBox id="fileName" xpath="/fileName" datatype="string" size="128" edittype="text" desc="文件名称"/>
    </Where>
	<Operations>
	    <Button id="btReImp" name="btReImp" desc="重新导入" operation="asysubmit" updateClass="com.gingkoo.gpms.importer.action.DataImportAlterAction" />
		<Button id="btDown" name="btDown" desc="问题数据导出" txn=""  />
		<Button id="btProcess" name="btProcess" desc="导入进度查询" operation="" url="#" show="" group="" txn=""  />
	</Operations>
</CommQry>